;R;G;p;D (MW);Delta_D (MW);MargCost (euro/MW);alpha;beta
1;1.5;0.051952;3.78047;3.5;-0.179092404;10;50;0.8
2;1;0.739165;0;0;-0.320206996;20;50;0.8
3;1;0;0;0;-0.46838052;15;50;0.8
